{
    "variables": {},
    "WEST-EAST_GRID_DIMENSION": 88,
    "SOUTH-NORTH_GRID_DIMENSION": 97,
    "DX": 1833.3333740234375,
    "DY": 1833.3333740234375,
    "CEN_LAT": 46.27100372314453,
    "CEN_LON": -120.9840087890625,
    "TRUELAT1": 46.270999908447266,
    "TRUELAT2": 46.270999908447266,
    "MOAD_CEN_LAT": 46.27100372314453,
    "STAND_LON": -120.98400115966797,
    "POLE_LAT": 90.0,
    "POLE_LON": 0.0,
    "corner_lats": [
        45.48322677612305,
        47.04961013793945,
        47.04961013793945,
        45.48322677612305,
        45.483123779296875,
        47.049503326416016,
        47.049503326416016,
        45.483123779296875,
        45.474979400634766,
        47.05785369873047,
        47.05785369873047,
        45.474979400634766,
        45.47488021850586,
        47.05774688720703,
        47.05774688720703,
        45.47488021850586
    ],
    "corner_lons": [
        -121.99530029296875,
        -122.02461242675781,
        -119.94340515136719,
        -119.97271728515625,
        -122.00704956054688,
        -122.03671264648438,
        -119.93130493164062,
        -119.96096801757812,
        -121.99514770507812,
        -122.0247802734375,
        -119.9432373046875,
        -119.97286987304688,
        -122.00689697265625,
        -122.036865234375,
        -119.93115234375,
        -119.96112060546875
    ],
    "MAP_PROJ": 1,
    "grid_id": 2,
    "parent_id": 1,
    "i_parent_start": 36,
    "j_parent_start": 39,
    "i_parent_end": 64,
    "j_parent_end": 70,
    "parent_grid_ratio": 3
}