{
    "variables": {},
    "WEST-EAST_GRID_DIMENSION": 100,
    "SOUTH-NORTH_GRID_DIMENSION": 145,
    "DX": 5500.0,
    "DY": 5500.0,
    "CEN_LAT": 46.448997497558594,
    "CEN_LON": -121.33899688720703,
    "TRUELAT1": 46.44900131225586,
    "TRUELAT2": 90.0,
    "MOAD_CEN_LAT": 46.448997497558594,
    "STAND_LON": -121.33899688720703,
    "POLE_LAT": 90.0,
    "POLE_LON": 0.0,
    "corner_lats": [
        42.88950729370117,
        49.945526123046875,
        49.945526123046875,
        42.88950729370117,
        42.88814163208008,
        49.94381332397461,
        49.94381332397461,
        42.88814163208008,
        42.86544418334961,
        49.970787048339844,
        49.970787048339844,
        42.86544418334961,
        42.86408233642578,
        49.96907424926758,
        49.96907424926758,
        42.86408233642578
    ],
    "corner_lons": [
        -124.56449127197266,
        -125.19762420654297,
        -117.48036193847656,
        -118.1135025024414,
        -124.59732818603516,
        -125.23687744140625,
        -117.44110870361328,
        -118.08065795898438,
        -124.56263732910156,
        -125.20027923583984,
        -117.47771453857422,
        -118.11534881591797,
        -124.59546661376953,
        -125.23955535888672,
        -117.43843078613281,
        -118.08252716064453
    ],
    "MAP_PROJ": 2,
    "grid_id": 1,
    "parent_id": 1,
    "i_parent_start": 1,
    "j_parent_start": 1,
    "i_parent_end": 100,
    "j_parent_end": 145,
    "parent_grid_ratio": 1
}