{
    "variables": {},
    "WEST-EAST_GRID_DIMENSION": 88,
    "SOUTH-NORTH_GRID_DIMENSION": 133,
    "DX": 1833.3333740234375,
    "DY": 1833.3333740234375,
    "CEN_LAT": 46.44899368286133,
    "CEN_LON": -121.33899688720703,
    "TRUELAT1": 46.44900131225586,
    "TRUELAT2": 90.0,
    "MOAD_CEN_LAT": 46.448997497558594,
    "STAND_LON": -121.33899688720703,
    "POLE_LAT": 90.0,
    "POLE_LON": 0.0,
    "corner_lats": [
        45.3668212890625,
        47.52655029296875,
        47.52655029296875,
        45.3668212890625,
        45.366676330566406,
        47.526397705078125,
        47.526397705078125,
        45.366676330566406,
        45.358638763427734,
        47.53485870361328,
        47.53485870361328,
        45.358638763427734,
        45.358497619628906,
        47.53470230102539,
        47.534706115722656,
        45.358497619628906
    ],
    "corner_lons": [
        -122.34062194824219,
        -122.39696502685547,
        -120.2810287475586,
        -120.33736419677734,
        -122.35226440429688,
        -122.40926361083984,
        -120.26872253417969,
        -120.32572174072266,
        -122.34041595458984,
        -122.39718627929688,
        -120.28079986572266,
        -120.33757019042969,
        -122.35205841064453,
        -122.40949249267578,
        -120.26850128173828,
        -120.325927734375
    ],
    "MAP_PROJ": 2,
    "grid_id": 2,
    "parent_id": 1,
    "i_parent_start": 36,
    "j_parent_start": 51,
    "i_parent_end": 64,
    "j_parent_end": 94,
    "parent_grid_ratio": 3
}