{
    "variables": {},
    "WEST-EAST_GRID_DIMENSION": 50,
    "SOUTH-NORTH_GRID_DIMENSION": 131,
    "DX": 0.08028999716043472,
    "DY": 0.07996100187301636,
    "CEN_LAT": 44.49300003051758,
    "CEN_LON": -119.56199645996094,
    "TRUELAT1": 1.0000000200408773e+20,
    "TRUELAT2": 1.0000000200408773e+20,
    "MOAD_CEN_LAT": 0.0,
    "STAND_LON": 1.0000000200408773e+20,
    "POLE_LAT": 90.0,
    "POLE_LON": 0.0,
    "corner_lats": [
        39.17387390136719,
        49.545013427734375,
        49.545013427734375,
        39.17387390136719,
        39.17878341674805,
        49.550880432128906,
        49.53902816772461,
        39.16886520385742,
        0.0,
        0.0,
        0.0,
        0.0,
        0.0,
        0.0,
        0.0,
        0.0
    ],
    "corner_lons": [
        -124.61859893798828,
        -125.60688781738281,
        -113.51710510253906,
        -114.5053939819336,
        -124.5156478881836,
        -125.48397827148438,
        -113.39422607421875,
        -114.40245819091797,
        0.0,
        0.0,
        0.0,
        0.0,
        0.0,
        0.0,
        0.0,
        0.0
    ],
    "MAP_PROJ": 203,
    "grid_id": 1,
    "parent_id": 1,
    "i_parent_start": 0,
    "j_parent_start": 0,
    "i_parent_end": 50,
    "j_parent_end": 131,
    "parent_grid_ratio": 1
}