{
    "variables": {},
    "WEST-EAST_GRID_DIMENSION": 148,
    "SOUTH-NORTH_GRID_DIMENSION": 391,
    "DX": 0.02676333300769329,
    "DY": 0.02665366791188717,
    "CEN_LAT": 44.49300003051758,
    "CEN_LON": -119.56199645996094,
    "TRUELAT1": 1.0000000200408773e+20,
    "TRUELAT2": 1.0000000200408773e+20,
    "MOAD_CEN_LAT": 0.0,
    "STAND_LON": 1.0000000200408773e+20,
    "POLE_LAT": 90.0,
    "POLE_LON": 0.0,
    "corner_lats": [
        39.17387390136719,
        49.545013427734375,
        49.545013427734375,
        39.17387390136719,
        39.17552185058594,
        49.54698181152344,
        49.543033599853516,
        39.17221450805664,
        0.0,
        0.0,
        0.0,
        0.0,
        0.0,
        0.0,
        0.0,
        0.0
    ],
    "corner_lons": [
        -124.61859893798828,
        -125.60688781738281,
        -113.51710510253906,
        -114.5053939819336,
        -124.58428192138672,
        -125.56591796875,
        -113.47614288330078,
        -114.47107696533203,
        0.0,
        0.0,
        0.0,
        0.0,
        0.0,
        0.0,
        0.0,
        0.0
    ],
    "MAP_PROJ": 203,
    "grid_id": 2,
    "parent_id": 1,
    "i_parent_start": 1,
    "j_parent_start": 1,
    "i_parent_end": 148,
    "j_parent_end": 391,
    "parent_grid_ratio": 3
}