{
    "variables": {},
    "WEST-EAST_GRID_DIMENSION": 136,
    "SOUTH-NORTH_GRID_DIMENSION": 68,
    "DX": 296473.28125,
    "DY": 298685.75,
    "CEN_LAT": 0.0,
    "CEN_LON": 0.0,
    "TRUELAT1": 1.0000000200408773e+20,
    "TRUELAT2": 1.0000000200408773e+20,
    "MOAD_CEN_LAT": 0.0,
    "STAND_LON": 180.0,
    "POLE_LAT": 90.0,
    "POLE_LON": 0.0,
    "corner_lats": [
        -88.6567153930664,
        88.6567153930664,
        88.6567153930664,
        -88.6567153930664,
        -88.6567153930664,
        88.6567153930664,
        88.6567153930664,
        -88.6567153930664,
        -90.0,
        89.99999237060547,
        89.99999237060547,
        -90.0,
        -90.0,
        89.99999237060547,
        89.99999237060547,
        -90.0
    ],
    "corner_lons": [
        -178.6666717529297,
        -178.6666717529297,
        178.6666717529297,
        178.6666717529297,
        -179.99998474121094,
        -179.99998474121094,
        -179.99998474121094,
        -179.99998474121094,
        -178.6666717529297,
        -178.6666717529297,
        178.6666717529297,
        178.6666717529297,
        -179.99998474121094,
        -179.99998474121094,
        -179.99998474121094,
        -179.99998474121094
    ],
    "MAP_PROJ": 6,
    "grid_id": 1,
    "parent_id": 1,
    "i_parent_start": 1,
    "j_parent_start": 1,
    "i_parent_end": 136,
    "j_parent_end": 68,
    "parent_grid_ratio": 1
}