{
    "variables": {},
    "WEST-EAST_GRID_DIMENSION": 88,
    "SOUTH-NORTH_GRID_DIMENSION": 136,
    "DX": 2066.666748046875,
    "DY": 2066.666748046875,
    "CEN_LAT": 44.316009521484375,
    "CEN_LON": -120.62799835205078,
    "TRUELAT1": 44.316001892089844,
    "TRUELAT2": 0.0,
    "MOAD_CEN_LAT": 44.316009521484375,
    "STAND_LON": -120.62799835205078,
    "POLE_LAT": 90.0,
    "POLE_LON": 0.0,
    "corner_lats": [
        43.057342529296875,
        45.54823303222656,
        45.54823303222656,
        43.057342529296875,
        43.057342529296875,
        45.54823303222656,
        45.54823303222656,
        43.057342529296875,
        43.04783630371094,
        45.557342529296875,
        45.557342529296875,
        43.04783630371094,
        43.04783630371094,
        45.557342529296875,
        45.557342529296875,
        43.04783630371094
    ],
    "corner_lons": [
        -121.74515533447266,
        -121.74515533447266,
        -119.5108413696289,
        -119.5108413696289,
        -121.75814819335938,
        -121.75814819335938,
        -119.49784851074219,
        -119.49784851074219,
        -121.74515533447266,
        -121.74515533447266,
        -119.5108413696289,
        -119.5108413696289,
        -121.75814819335938,
        -121.75814819335938,
        -119.49784851074219,
        -119.49784851074219
    ],
    "MAP_PROJ": 3,
    "grid_id": 2,
    "parent_id": 1,
    "i_parent_start": 36,
    "j_parent_start": 51,
    "i_parent_end": 64,
    "j_parent_end": 95,
    "parent_grid_ratio": 3
}