{
    "variables": {},
    "WEST-EAST_GRID_DIMENSION": 88,
    "SOUTH-NORTH_GRID_DIMENSION": 70,
    "DX": 4904.4091796875,
    "DY": 4882.72900390625,
    "CEN_LAT": 43.959999084472656,
    "CEN_LON": -117.60600280761719,
    "TRUELAT1": 43.959999084472656,
    "TRUELAT2": 43.959999084472656,
    "MOAD_CEN_LAT": 43.959999084472656,
    "STAND_LON": -117.60600280761719,
    "POLE_LAT": 90.0,
    "POLE_LON": 0.0,
    "corner_lats": [
        42.466773986816406,
        45.453224182128906,
        45.453224182128906,
        42.466773986816406,
        42.466773986816406,
        45.453224182128906,
        45.453224182128906,
        42.466773986816406,
        42.44481658935547,
        45.475181579589844,
        45.475181579589844,
        42.44481658935547,
        42.44481658935547,
        45.475181579589844,
        45.475181579589844,
        42.44481658935547
    ],
    "corner_lons": [
        -119.50288391113281,
        -119.50288391113281,
        -115.7091293334961,
        -115.7091293334961,
        -119.52491760253906,
        -119.52491760253906,
        -115.68707275390625,
        -115.68707275390625,
        -119.50288391113281,
        -119.50288391113281,
        -115.7091293334961,
        -115.7091293334961,
        -119.52491760253906,
        -119.52491760253906,
        -115.68707275390625,
        -115.68707275390625
    ],
    "MAP_PROJ": 6,
    "grid_id": 2,
    "parent_id": 1,
    "i_parent_start": 36,
    "j_parent_start": 31,
    "i_parent_end": 64,
    "j_parent_end": 53,
    "parent_grid_ratio": 3
}