{
    "variables": {},
    "WEST-EAST_GRID_DIMENSION": 100,
    "SOUTH-NORTH_GRID_DIMENSION": 84,
    "DX": 14713.2275390625,
    "DY": 14648.1875,
    "CEN_LAT": 43.959999084472656,
    "CEN_LON": -117.60600280761719,
    "TRUELAT1": 43.959999084472656,
    "TRUELAT2": 43.959999084472656,
    "MOAD_CEN_LAT": 43.959999084472656,
    "STAND_LON": -117.60600280761719,
    "POLE_LAT": 90.0,
    "POLE_LON": 0.0,
    "corner_lats": [
        38.55804443359375,
        49.36195373535156,
        49.36195373535156,
        38.55804443359375,
        38.55804443359375,
        49.36195373535156,
        49.36195373535156,
        38.55804443359375,
        38.49216842651367,
        49.42782974243164,
        49.42782974243164,
        38.49216842651367,
        38.49216842651367,
        49.42782974243164,
        49.42782974243164,
        38.49216842651367
    ],
    "corner_lons": [
        -124.09065246582031,
        -124.09065246582031,
        -111.12134552001953,
        -111.12134552001953,
        -124.15681457519531,
        -124.15681457519531,
        -111.05517578125,
        -111.05517578125,
        -124.09065246582031,
        -124.09065246582031,
        -111.12134552001953,
        -111.12134552001953,
        -124.15681457519531,
        -124.15681457519531,
        -111.05517578125,
        -111.05517578125
    ],
    "MAP_PROJ": 6,
    "grid_id": 1,
    "parent_id": 1,
    "i_parent_start": 1,
    "j_parent_start": 1,
    "i_parent_end": 100,
    "j_parent_end": 84,
    "parent_grid_ratio": 1
}