{
    "variables": {},
    "WEST-EAST_GRID_DIMENSION": 100,
    "SOUTH-NORTH_GRID_DIMENSION": 146,
    "DX": 6200.0,
    "DY": 6200.0,
    "CEN_LAT": 44.316009521484375,
    "CEN_LON": -120.62799835205078,
    "TRUELAT1": 44.316001892089844,
    "TRUELAT2": 0.0,
    "MOAD_CEN_LAT": 44.316009521484375,
    "STAND_LON": -120.62799835205078,
    "POLE_LAT": 90.0,
    "POLE_LON": 0.0,
    "corner_lats": [
        40.163818359375,
        48.19389343261719,
        48.19389343261719,
        40.163818359375,
        40.163818359375,
        48.19389343261719,
        48.19389343261719,
        40.163818359375,
        40.13404846191406,
        48.21986389160156,
        48.21986389160156,
        40.13404846191406,
        40.13404846191406,
        48.21986389160156,
        48.21986389160156,
        40.13404846191406
    ],
    "corner_lons": [
        -124.44711303710938,
        -124.44711303710938,
        -116.80888366699219,
        -116.80888366699219,
        -124.486083984375,
        -124.486083984375,
        -116.76991271972656,
        -116.76991271972656,
        -124.44711303710938,
        -124.44711303710938,
        -116.80888366699219,
        -116.80888366699219,
        -124.486083984375,
        -124.486083984375,
        -116.76991271972656,
        -116.76991271972656
    ],
    "MAP_PROJ": 3,
    "grid_id": 1,
    "parent_id": 1,
    "i_parent_start": 1,
    "j_parent_start": 1,
    "i_parent_end": 100,
    "j_parent_end": 146,
    "parent_grid_ratio": 1
}