{
    "variables": {},
    "WEST-EAST_GRID_DIMENSION": 100,
    "SOUTH-NORTH_GRID_DIMENSION": 109,
    "DX": 5500.0,
    "DY": 5500.0,
    "CEN_LAT": 46.27100372314453,
    "CEN_LON": -120.9840087890625,
    "TRUELAT1": 46.270999908447266,
    "TRUELAT2": 46.270999908447266,
    "MOAD_CEN_LAT": 46.27100372314453,
    "STAND_LON": -120.98400115966797,
    "POLE_LAT": 90.0,
    "POLE_LON": 0.0,
    "corner_lats": [
        43.57420349121094,
        48.86048126220703,
        48.86048126220703,
        43.57420349121094,
        43.57315444946289,
        48.859336853027344,
        48.859336853027344,
        43.57315444946289,
        43.54951858520508,
        48.885169982910156,
        48.885169982910156,
        43.54951858520508,
        43.54847717285156,
        48.884010314941406,
        48.884010314941406,
        43.54847717285156
    ],
    "corner_lons": [
        -124.32725524902344,
        -124.66606140136719,
        -117.30194091796875,
        -117.6407470703125,
        -124.361328125,
        -124.70358276367188,
        -117.26443481445312,
        -117.60667419433594,
        -124.32582092285156,
        -124.66780090332031,
        -117.30020141601562,
        -117.64218139648438,
        -124.35987854003906,
        -124.70533752441406,
        -117.26266479492188,
        -117.60812377929688
    ],
    "MAP_PROJ": 1,
    "grid_id": 1,
    "parent_id": 1,
    "i_parent_start": 1,
    "j_parent_start": 1,
    "i_parent_end": 100,
    "j_parent_end": 109,
    "parent_grid_ratio": 1
}